nome,preco,imagem
(TOP) Whey Protein Concentrado (1KG) - Growth Supplements,"R$94,95",https://www.gsuplementos.com.br/upload/growth-layout-personalizado/produto/185/produto-selo-topo-mob-v3.png
100% Batata Doce em pó (sabor natural) (1kg) - Growth Supplements,"R$39,60",https://www.gsuplementos.com.br/upload/growth-layout-personalizado/produto/1/batata-doce-1kg.webp
Rice Protein Natural (1kg) - Growth Supplements,"R$75,60",https://www.gsuplementos.com.br/upload/growth-layout-personalizado/produto/159/rice-protein-04.jpg
Rice Protein 1kg (COM SABOR) - Growth Supplements,0,
Multivitamínico (120 cáps) (nova fórmula) - Growth Supplements,"R$35,10",https://www.gsuplementos.com.br/upload/growth-layout-personalizado/produto/107/produto-principal.png
 Proteína da ervilha 1kg (Com sabor) - Growth Supplements ,"R$75,60",
ZEAXANTINA 60COMP - GROWTH SUPPLEMENTS,0,
COLÁGENO HIDROLISADO 120CAPS - GROWTH SUPPLEMENTS,0,
Power Alanine (120 caps) - Growth Supplements,0,https://www.gsuplementos.com.br/upload/growth-layout-personalizado/produto/120/power-alanine.webp
Soy Protein Proteína Isolada de Soja (Sabor Natural) 1kg - Growth Supplements,"R$67,50",
BERMUDÃO BRANCO CLASSIC GROWTH - EDIÇÃO LIMITADA,0,
 Cafeína (420MG) 120caps - Growth Supplements (thermogênico) ,"R$54,00",https://www.gsuplementos.com.br/upload/growth-layout-personalizado/produto/38/cafeina420mg-01.jpg
Proteína da Ervilha - Pea Protein (1kg) - Growth Supplements,"R$75,60",
L-Carnitina Líquida 2200 - 420ml - Growth Supplements,x10412,
L-Glutamina (250g) - Growth Supplements,"R$45,00",https://www.gsuplementos.com.br/upload/growth-layout-personalizado/produto/85/glutamina-growth-supplements-v2.png
Coqueteleira Growth Premium Transparente e Rosa 700ml - Growth Supplements,0,
SHOULDER BAG GROWTH MANUSCRITO - GROWTH SUPPLEMENTS,0,
Soy Protein (Proteína isolada de soja) 1kg - Growth Supplements,0,
Barra de proteína (barrinha de proteína) - Growth Supplements,"R$2,34",
MUNHEQUEIRA FAIXA DE PULSO (PAR) - GROWTH SUPPLEMENTS,0,
SHOULDER BAG EMBORRACHADA GROWTH - GROWTH SUPPLEMENTS,0,
Balança de cozinha - Growth Supplements,"R$31,50",
MOCHILA CASUAL GROWTH  - GROWTH SUPPLEMENTS,0,
"SACOLA TIPO MOCHILA CRESCE, SOBE, SEGURA, ESMAGA. - GROWTH SUPPLEMENTS",0,
"Psyllium, Pimenta, Gengibre, Cafeína e vitaminas 120 caps - Growth Supplements",0,
Coqueteleira Growth Premium Transparente e Vermelho 700ml - Growth Supplements,0,
Cafeína (420MG) 60 caps - Growth Supplements (thermogênico),0,
Porta Comprimido Growth Supplements,0,
HOT Termogênico (60 Comprimidos) - Growth Supplements,"R$67,50",https://www.gsuplementos.com.br/upload/growth-layout-personalizado/produto/170/produto-principal.png
MARMITEIRA COMPACTA GROWTH WHITE - GROWTH SUPPLEMENTS,0,
JAQUETA PRETA CORTA VENTO ESMAGA  - GROWTH SUPPLEMENTS,0,
CAMISETA PRETA YOU VS YOU - GROWTH SUPPLEMENTS,0,
CAMISETA FUTEBOL AMERICANO PRETA SINCE 2009 GROWTH - EDIÇÃO ESPECIAL,0,
Gengibre em po 250gr - Growth Supplements,0,https://www.gsuplementos.com.br/upload/growth-layout-personalizado/produto/80/gengibre-em-po-250g.webp
REGATA OFF WHITE YOU VS YOU - GROWTH SUPPLEMENTS,0,
SQUEEZE GROWTH 800ML - GROWTH SUPPLEMENTS,0,
CUECA BOXER GROWTH PREMIUM - GROWTH SUPPLEMENTS,0,
"MOLETOM CANGURU PRETO CRESCE, SOBE, SEGURA, ESMAGA - GROWTH SUPPLEMENTS",0,
REGATA PRETA YOU VS YOU - GROWTH SUPPLEMENTS,0,
MOLETOM TEAM GROWTH MESCLA TEAM GROWTH CLUB - GROWTH SUPPLEMENTS,0,
BERMUDA MOLETOM MESCLA GROWTH MANUSCRITA,0,
Coqueteleira Branca 600ml - Growth Supplements,0,
Power Arginine (120 Caps) - Growth Supplements,"R$27,00",https://www.gsuplementos.com.br/upload/growth-layout-personalizado/produto/121/arginine-05.jpg
CAMISETA FUTEBOL AMERICANO BRANCA SINCE 2009 GROWTH - EDIÇÃO ESPECIAL,0,
CAMISETA FUTEBOL AMERICANO AZUL SINCE 2009 GROWTH - EDIÇÃO ESPECIAL,0,
Pasta de Amendoim Sabor Chocolate e Coco 500g - Growth Supplements,"R$22,50",https://www.gsuplementos.com.br/upload/growth-layout-personalizado/produto/1268/produto-principal.png
Vitamina C + Zinco Efervescente Tubete c/ 10 Tabs - Growth Supplements,"R$5,94",
Óleo de Cartamo + Coco + Chia + Cromo + Vit. E (75 caps) - Growth Supplements,0,https://www.gsuplementos.com.br/upload/growth-layout-personalizado/produto/109/oleo-de-cartamo-coco.webp
Maca Peruana (250g) - Growth Supplements,0,https://www.gsuplementos.com.br/upload/growth-layout-personalizado/produto/89/maca-peruana.webp
"BCAA 2:1:1 (120 CÁPS)
          - GROWTH SUPPLEMENTS","R$22,50",https://www.gsuplementos.com.br/upload/growth-layout-personalizado/produto/16/bcaa-211-120-capsulas-growth.png
Beta-Alanina 120 Comprimidos - Growth Supplements,"R$72,00",https://www.gsuplementos.com.br/upload/growth-layout-personalizado/produto/1206/produto-comp.png
100% PSYLLIUM 320GR - GROWTH SUPPLEMENTS ,"R$60,30",https://www.gsuplementos.com.br/upload/growth-layout-personalizado/produto/1499/small-100-psyllium-growth-supplements.png
Amino Powder 10 - 200g - Growth Supplements,"R$67,50",https://www.gsuplementos.com.br/upload/growth-layout-personalizado/produto/1021/amino-powder-10.webp
 BCAA (2:1:1) (200g) (em pó) - Growth Supplements ,"R$42,30",https://www.gsuplementos.com.br/upload/growth-layout-personalizado/produto/17/bcaa-2-1-1-natural-05-alt.jpg
,"R$59,40",https://www.gsuplementos.com.br/upload/growth-layout-personalizado/produto/1205/produto.png
Big Mass Pro Hipercalórico 3kg - Growth Supplements,"R$144,00",
BCAA (10:1:1) (200g) (em pó) - Growth Supplements,"R$50,40",https://www.gsuplementos.com.br/upload/growth-layout-personalizado/produto/13/bcaa-10-1-1-growth-supplements.png
HMB 90 Caps - Growth Supplements,"R$35,10",https://www.gsuplementos.com.br/upload/growth-layout-personalizado/produto/1256/produto-hmb.png
(TOP) Hipercalórico (sabor chocolate) (1KG) - Growth Supplements ,"R$49,50",https://www.gsuplementos.com.br/upload/growth-layout-personalizado/produto/82/hipercalorico-chocolate-01.jpg
BCAA (5:1:1) (200g) (em pó) - Growth Supplements,"R$45,90",https://www.gsuplementos.com.br/upload/growth-layout-personalizado/produto/22/produto-principal-nova.png
"Mais bem-estar, qualidade de vida e sistema imunológico fortalecido!","R$32,40",https://www.gsuplementos.com.br/upload/growth-layout-personalizado/produto/1221/produto.png
Hiper Mass (1kg) Sabor Chocolate - Growth Supplements,"R$36,00",https://www.gsuplementos.com.br/upload/growth-layout-personalizado/produto/81/hiper-mass-growth-2.png
Basic Whey Protein (1kg) - Growth Supplements,"R$37,80",https://www.gsuplementos.com.br/upload/growth-layout-personalizado/produto/11/img-product.png
Waxy Maize (1kg) - Growth Supplements,0,https://www.gsuplementos.com.br/upload/growth-layout-personalizado/produto/179/waxy-maize.webp
Maltodextrina (1kg) - Growth Supplements,0,https://www.gsuplementos.com.br/upload/growth-layout-personalizado/produto/90/maltodextrina.webp
Creatina Monohidratada 100g - Growth Supplements,0,https://www.gsuplementos.com.br/upload/growth-layout-personalizado/produto/71/creatina-monohidratada.webp
Vitamina E (75caps) - Growth Supplements,0,https://www.gsuplementos.com.br/upload/growth-layout-personalizado/produto/178/vitamina-e.webp
(TOP) Whey Protein Isolado (1KG) - Growth Supplements,"R$144,00",https://www.gsuplementos.com.br/upload/growth-layout-personalizado/produto/196/whey-isolado-growth-v2.png
Vitamina E  ULTRA 120 caps - Growth Supplements,0,
Caseinato de Cálcio 1kg - Growth Supplements,0,
Anti-OX 120 caps - Growth Supplements,0,https://www.gsuplementos.com.br/upload/growth-layout-personalizado/produto/10/anti-ox.webp
 D-RIBOSE 300GR - GROWTH SUPPLEMENTS ,"R$63,00",https://www.gsuplementos.com.br/upload/growth-layout-personalizado/produto/1501/small-d-ribose-growth-supplements.png
Vitamina C Ultra 450mg (120 caps) - Growth Supplements,0,
VITAMINA C 500MG 120COMP - GROWTH SUPPLEMENTS,0,
Vitamina C (120 caps) - Growth Supplements,0,https://www.gsuplementos.com.br/upload/growth-layout-personalizado/produto/173/vitamina-c.webp
Palatinose 1kg - Growth Supplements,10206,https://www.gsuplementos.com.br/upload/growth-layout-personalizado/produto/114/palatinose.webp
Óleo de Peixe - Ômega 3 (75 Softgel) - Growth Supplements,"R$22,50",
Dextrose (1kg) - Growth Supplements,0,https://www.gsuplementos.com.br/upload/growth-layout-personalizado/produto/74/dextrose-1kg.webp
COLÁGENO VERISOL 1000MG 120COMP - GROWTH SUPPLEMENTS,"R$54,00",https://www.gsuplementos.com.br/upload/growth-layout-personalizado/produto/1444/small-colageno-verisol-1000mg-120comp-growth-supplements.png
Óleo de Peixe Ultra (75 softgel) - Growth Supplements,0,https://www.gsuplementos.com.br/upload/growth-layout-personalizado/produto/112/oleo-de-peixe-ultra.webp
ZMA (120 caps) - Growth Supplements,"R$22,68",
Vitamina D ULTRA (2000UI) 120 caps - Growth Supplements,0,
